Task,Model,Metric,Value,Fold
ABL1,mkl,pearson,0.18793581401303625,All
ABL1,mkl,pearson_p,0.00014768257198940658,All
ABL1,mkl,r2_score,-10.910697776084879,All
ABL1,mkl,spearman,0.19275707943880166,All
ABL1,mkl,spearman_p,9.855126678121863e-05,All
ACACA,mkl,pearson,0.5294545384066309,All
ACACA,mkl,pearson_p,1.6972493061749345e-30,All
ACACA,mkl,r2_score,-3.491387581988178,All
ACACA,mkl,spearman,0.5320928766651704,All
ACACA,mkl,spearman_p,7.728492519021909e-31,All
ACVRL1,mkl,pearson,0.24112136039568047,All
ACVRL1,mkl,pearson_p,9.686937162301602e-07,All
ACVRL1,mkl,r2_score,-8.247091197213576,All
ACVRL1,mkl,spearman,0.2632792473508405,All
ACVRL1,mkl,spearman_p,8.148996634989657e-08,All
ADAR,mkl,pearson,0.5405729922151824,All
ADAR,mkl,pearson_p,5.880039960494022e-32,All
ADAR,mkl,r2_score,-1.7187256893255158,All
ADAR,mkl,spearman,0.5525973622079534,All
ADAR,mkl,spearman_p,1.3416088187924999e-33,All
AKT1,mkl,pearson,0.3470776923682523,All
AKT1,mkl,pearson_p,7.500424390695636e-13,All
AKT1,mkl,r2_score,-4.469862159200313,All
AKT1,mkl,spearman,0.38346436304817694,All
AKT1,mkl,spearman_p,1.448857486686791e-15,All
AKT2,mkl,pearson,0.3462284322661891,All
AKT2,mkl,pearson_p,8.597695522082638e-13,All
AKT2,mkl,r2_score,-4.476844080646882,All
AKT2,mkl,spearman,0.3830662296274615,All
AKT2,mkl,spearman_p,1.5581605170735222e-15,All
AKT3,mkl,pearson,0.34719712890447635,All
AKT3,mkl,pearson_p,7.357533642187315e-13,All
AKT3,mkl,r2_score,-4.479239853839174,All
AKT3,mkl,spearman,0.38357987032657936,All
AKT3,mkl,spearman_p,1.4185794315625654e-15,All
ANXA1,mkl,pearson,0.5495732536138496,All
ANXA1,mkl,pearson_p,3.5220082871155506e-33,All
ANXA1,mkl,r2_score,-1.772509314990856,All
ANXA1,mkl,spearman,0.5701765089127394,All
ANXA1,mkl,spearman_p,4.019966815440824e-36,All
ANXA7,mkl,pearson,0.3799465307977218,All
ANXA7,mkl,pearson_p,2.745562289807269e-15,All
ANXA7,mkl,r2_score,-4.2320276938893056,All
ANXA7,mkl,spearman,0.43615346645363867,All
ANXA7,mkl,spearman_p,3.8240104932189845e-20,All
AR,mkl,pearson,0.717029780856184,All
AR,mkl,pearson_p,7.771743314300623e-65,All
AR,mkl,r2_score,-0.329196028480891,All
AR,mkl,spearman,0.6469921075516026,All
AR,mkl,spearman_p,3.673995358663899e-49,All
ARAF,mkl,pearson,0.18814127648141712,All
ARAF,mkl,pearson_p,0.00014518806821293086,All
ARAF,mkl,r2_score,-9.149886163987475,All
ARAF,mkl,spearman,0.22791145504983734,All
ARAF,mkl,spearman_p,3.799690130630428e-06,All
ARID1A,mkl,pearson,0.34784119758084414,All
ARID1A,mkl,pearson_p,6.631683658243022e-13,All
ARID1A,mkl,r2_score,-6.056141634075973,All
ARID1A,mkl,spearman,0.3794612803718408,All
ARID1A,mkl,spearman_p,2.9968283823194843e-15,All
ASNS,mkl,pearson,0.7220970593421228,All
ASNS,mkl,pearson_p,3.72089024191741e-66,All
ASNS,mkl,r2_score,-0.2578938346230222,All
ASNS,mkl,spearman,0.7505539536813991,All
ASNS,mkl,spearman_p,3.753055356612022e-74,All
ATM,mkl,pearson,0.44228473953072595,All
ATM,mkl,pearson_p,9.89714598324103e-21,All
ATM,mkl,r2_score,-4.86854698048325,All
ATM,mkl,spearman,0.47531241978661837,All
ATM,mkl,spearman_p,4.176855730154755e-24,All
AXL,mkl,pearson,0.4287194292604533,All
AXL,mkl,pearson_p,1.8986376010967312e-19,All
AXL,mkl,r2_score,-4.47896758653782,All
AXL,mkl,spearman,0.4504813192874654,All
AXL,mkl,spearman_p,1.5557971896583982e-21,All
BAK1,mkl,pearson,0.20985531780628647,All
BAK1,mkl,pearson_p,2.165404718290906e-05,All
BAK1,mkl,r2_score,-9.955008869482203,All
BAK1,mkl,spearman,0.21285252557376513,All
BAK1,mkl,spearman_p,1.6385233800985326e-05,All
BAP1,mkl,pearson,0.40062442105114066,All
BAP1,mkl,pearson_p,5.728649896369175e-17,All
BAP1,mkl,r2_score,-4.5149960299068725,All
BAP1,mkl,spearman,0.46030674337085153,All
BAP1,mkl,spearman_p,1.583585086018334e-22,All
BAX,mkl,pearson,0.38496356673885634,All
BAX,mkl,pearson_p,1.1007710384773623e-15,All
BAX,mkl,r2_score,-5.311490990606408,All
BAX,mkl,spearman,0.37927975151631466,All
BAX,mkl,spearman_p,3.096510493681109e-15,All
BCL2,mkl,pearson,0.71966074694457,All
BCL2,mkl,pearson_p,1.6176077912020368e-65,All
BCL2,mkl,r2_score,-0.38023880052987136,All
BCL2,mkl,spearman,0.7373114681722223,All
BCL2,mkl,spearman_p,2.6605132646397137e-70,All
BCL2A1,mkl,pearson,0.1765737310476651,All
BCL2A1,mkl,pearson_p,0.0003684513832415975,All
BCL2A1,mkl,r2_score,-8.350629394564946,All
BCL2A1,mkl,spearman,0.21234928072178128,All
BCL2A1,mkl,spearman_p,1.7175290834530328e-05,All
BCL2L1,mkl,pearson,0.3231940351389726,All
BCL2L1,mkl,pearson_p,2.988304861491257e-11,All
BCL2L1,mkl,r2_score,-6.787164573524727,All
BCL2L1,mkl,spearman,0.3052226661765861,All
BCL2L1,mkl,spearman_p,3.893777225068881e-10,All
BCL2L11,mkl,pearson,0.5487319023397726,All
BCL2L11,mkl,pearson_p,4.5988706794094185e-33,All
BCL2L11,mkl,r2_score,-2.69499656814946,All
BCL2L11,mkl,spearman,0.5398341324497382,All
BCL2L11,mkl,spearman_p,7.381042200649408e-32,All
BECN1,mkl,pearson,0.08977896220437985,All
BECN1,mkl,pearson_p,0.07180713365675175,All
BECN1,mkl,r2_score,-11.40158911555932,All
BECN1,mkl,spearman,0.044314100466508556,All
BECN1,mkl,spearman_p,0.374932454356527,All
BID,mkl,pearson,0.15038804181450055,All
BID,mkl,pearson_p,0.002470973371822609,All
BID,mkl,r2_score,-10.125283088672006,All
BID,mkl,spearman,0.18666372948118654,All
BID,mkl,spearman_p,0.00016404425327960743,All
BIRC2,mkl,pearson,0.2475620626100517,All
BIRC2,mkl,pearson_p,4.831371295243383e-07,All
BIRC2,mkl,r2_score,-6.303649713234737,All
BIRC2,mkl,spearman,0.25736277540521885,All
BIRC2,mkl,spearman_p,1.614649655743823e-07,All
BRAF,mkl,pearson,0.5432747158307387,All
BRAF,mkl,pearson_p,2.548291890842208e-32,All
BRAF,mkl,r2_score,-2.1511721151703096,All
BRAF,mkl,spearman,0.5044914457230837,All
BRAF,mkl,spearman_p,2.0822751813050548e-27,All
BRCA2,mkl,pearson,0.23738454940156115,All
BRCA2,mkl,pearson_p,1.4375688571106913e-06,All
BRCA2,mkl,r2_score,-8.323762756739564,All
BRCA2,mkl,spearman,0.254172277594698,All
BRCA2,mkl,spearman_p,2.318479893970167e-07,All
BRD4,mkl,pearson,0.34579948343793493,All
BRD4,mkl,pearson_p,9.210083277678216e-13,All
BRD4,mkl,r2_score,-5.189805890998177,All
BRD4,mkl,spearman,0.4107517306384633,All
BRD4,mkl,spearman_p,7.780659407072311e-18,All
CASP3,mkl,pearson,0.40181767787813955,All
CASP3,mkl,pearson_p,4.543850136222045e-17,All
CASP3,mkl,r2_score,-2.847018872860243,All
CASP3,mkl,spearman,0.4266305721667351,All
CASP3,mkl,spearman_p,2.9574292163508566e-19,All
CASP7,mkl,pearson,0.687210471411967,All
CASP7,mkl,pearson_p,1.280311190550806e-57,All
CASP7,mkl,r2_score,-0.5213097216595706,All
CASP7,mkl,spearman,0.6344523865891515,All
CASP7,mkl,spearman_p,8.861685262615424e-47,All
CASP8,mkl,pearson,0.4636677706622291,All
CASP8,mkl,pearson_p,7.124582707227345e-23,All
CASP8,mkl,r2_score,-3.5966405358724653,All
CASP8,mkl,spearman,0.48541899037266784,All
CASP8,mkl,spearman_p,3.25648103172485e-25,All
CAV1,mkl,pearson,0.5536251868979156,All
CAV1,mkl,pearson_p,9.642418156606626e-34,All
CAV1,mkl,r2_score,-1.3266995049350823,All
CAV1,mkl,spearman,0.5651253441956652,All
CAV1,mkl,spearman_p,2.212004985270869e-35,All
CCNB1,mkl,pearson,0.7498672149243789,All
CCNB1,mkl,pearson_p,6.0257119927381335e-74,All
CCNB1,mkl,r2_score,-0.023930043859573757,All
CCNB1,mkl,spearman,0.7401142376255438,All
CCNB1,mkl,spearman_p,4.262289031115784e-71,All
CCND1,mkl,pearson,0.4105012300868784,All
CCND1,mkl,pearson_p,8.18127003699432e-18,All
CCND1,mkl,r2_score,-4.138336708804583,All
CCND1,mkl,spearman,0.42791769261519413,All
CCND1,mkl,spearman_p,2.2515112119994776e-19,All
CCNE1,mkl,pearson,0.6847751145356668,All
CCNE1,mkl,pearson_p,4.5541274070561534e-57,All
CCNE1,mkl,r2_score,-0.5776760610798595,All
CCNE1,mkl,spearman,0.6316109362306336,All
CCNE1,mkl,spearman_p,2.9659757072771068e-46,All
CCNE2,mkl,pearson,0.36122463042797914,All
CCNE2,mkl,pearson_p,7.255098276586679e-14,All
CCNE2,mkl,r2_score,-5.54415530278058,All
CCNE2,mkl,spearman,0.3834961871816327,All
CCNE2,mkl,spearman_p,1.4404526710981854e-15,All
CDH1,mkl,pearson,0.5093588542576996,All
CDH1,mkl,pearson_p,5.446560922614707e-28,All
CDH1,mkl,r2_score,-2.3949357671302787,All
CDH1,mkl,spearman,0.46285530809850917,All
CDH1,mkl,spearman_p,8.648948963709255e-23,All
CDH2,mkl,pearson,0.15993116048753594,All
CDH2,mkl,pearson_p,0.0012757388985103956,All
CDH2,mkl,r2_score,-9.3062890288128,All
CDH2,mkl,spearman,0.1999058065560031,All
CDH2,mkl,spearman_p,5.311447114632688e-05,All
CDH3,mkl,pearson,0.5555468476753725,All
CDH3,mkl,pearson_p,5.184018917849972e-34,All
CDH3,mkl,r2_score,-2.0404529564922207,All
CDH3,mkl,spearman,0.5519291206938923,All
CDH3,mkl,spearman_p,1.661947170914358e-33,All
CDK1,mkl,pearson,0.4987287253933299,All
CDK1,mkl,pearson_p,9.910694342160997e-27,All
CDK1,mkl,r2_score,-1.9445281546020419,All
CDK1,mkl,spearman,0.5413957726624092,All
CDK1,mkl,spearman_p,4.5618438166475276e-32,All
CDKN1A,mkl,pearson,0.4075564979280752,All
CDKN1A,mkl,pearson_p,1.471529148054221e-17,All
CDKN1A,mkl,r2_score,-4.9635922556000285,All
CDKN1A,mkl,spearman,0.37238198972012765,All
CDKN1A,mkl,spearman_p,1.0575973757335398e-14,All
CDKN1B,mkl,pearson,0.4557649066999103,All
CDKN1B,mkl,pearson_p,4.595523279150829e-22,All
CDKN1B,mkl,r2_score,-3.236806645982,All
CDKN1B,mkl,spearman,0.47229866560182354,All
CDKN1B,mkl,spearman_p,8.794650626806844e-24,All
CDKN2A,mkl,pearson,0.497824844378747,All
CDKN2A,mkl,pearson_p,1.2624599110013423e-26,All
CDKN2A,mkl,r2_score,-3.223129147485813,All
CDKN2A,mkl,spearman,0.4502634345284109,All
CDKN2A,mkl,spearman_p,1.6352943346871405e-21,All
CHEK1,mkl,pearson,0.1668345107200655,All
CHEK1,mkl,pearson_p,0.0007727625828697807,All
CHEK1,mkl,r2_score,-8.395601191825723,All
CHEK1,mkl,spearman,0.15418857887949797,All
CHEK1,mkl,spearman_p,0.0019074053805277695,All
CHEK2,mkl,pearson,0.5544229617281224,All
CHEK2,mkl,pearson_p,7.456029623820392e-34,All
CHEK2,mkl,r2_score,-2.142390406556189,All
CHEK2,mkl,spearman,0.5522175885874427,All
CHEK2,mkl,spearman_p,1.5153055983289683e-33,All
CLDN7,mkl,pearson,0.4304881996657748,All
CLDN7,mkl,pearson_p,1.3014136104659965e-19,All
CLDN7,mkl,r2_score,-3.758772323341219,All
CLDN7,mkl,spearman,0.43301880665101333,All
CLDN7,mkl,spearman_p,7.551937487042275e-20,All
COG3,mkl,pearson,0.34817154861372335,All
COG3,mkl,pearson_p,6.28705064742724e-13,All
COG3,mkl,r2_score,-4.535995859521721,All
COG3,mkl,spearman,0.4582955203569036,All
COG3,mkl,spearman_p,2.543232367331725e-22,All
COL6A1,mkl,pearson,0.39209075251378717,All
COL6A1,mkl,pearson_p,2.9240197367151585e-16,All
COL6A1,mkl,r2_score,-3.574626357473739,All
COL6A1,mkl,spearman,0.43098200818049043,All
COL6A1,mkl,spearman_p,1.1707111116803503e-19,All
COPS5,mkl,pearson,0.2028363170572388,All
COPS5,mkl,pearson_p,4.09628396958364e-05,All
COPS5,mkl,r2_score,-10.62629294425774,All
COPS5,mkl,spearman,0.20425245584768445,All
COPS5,mkl,spearman_p,3.608174371076448e-05,All
CTNNB1,mkl,pearson,0.4067859505091054,All
CTNNB1,mkl,pearson_p,1.7142165795965132e-17,All
CTNNB1,mkl,r2_score,-4.6418593115266775,All
CTNNB1,mkl,spearman,0.3987844050132745,All
CTNNB1,mkl,spearman_p,8.173901144531978e-17,All
DIABLO,mkl,pearson,0.4535214187439468,All
DIABLO,mkl,pearson_p,7.732959398904331e-22,All
DIABLO,mkl,r2_score,-3.548499065429861,All
DIABLO,mkl,spearman,0.45301402478309377,All
DIABLO,mkl,spearman_p,8.694201702291089e-22,All
DIRAS3,mkl,pearson,0.3719028702742629,All
DIRAS3,mkl,pearson_p,1.1505457375873582e-14,All
DIRAS3,mkl,r2_score,-4.636151535651506,All
DIRAS3,mkl,spearman,0.41468840189936546,All
DIRAS3,mkl,spearman_p,3.515123218212603e-18,All
DPP4,mkl,pearson,0.19468335336321574,All
DPP4,mkl,pearson_p,8.361189920616397e-05,All
DPP4,mkl,r2_score,-9.209138825788989,All
DPP4,mkl,spearman,0.2225426989711958,All
DPP4,mkl,spearman_p,6.472964113080981e-06,All
DVL3,mkl,pearson,0.36147524830027244,All
DVL3,mkl,pearson_p,6.953648783986255e-14,All
DVL3,mkl,r2_score,-5.127441593550192,All
DVL3,mkl,spearman,0.37437404319727813,All
DVL3,mkl,spearman_p,7.439845237390449e-15,All
EEF2,mkl,pearson,0.43248145221254375,All
EEF2,mkl,pearson_p,8.48033578403546e-20,All
EEF2,mkl,r2_score,-3.415050020075374,All
EEF2,mkl,spearman,0.4670498607105935,All
EEF2,mkl,spearman_p,3.160892696772186e-23,All
EEF2K,mkl,pearson,0.5050069802802497,All
EEF2K,mkl,pearson_p,1.8083945557956353e-27,All
EEF2K,mkl,r2_score,-2.4382972317791247,All
EEF2K,mkl,spearman,0.5160927772837164,All
EEF2K,mkl,spearman_p,8.218080488239467e-29,All
EGFR,mkl,pearson,0.38014299033495763,All
EGFR,mkl,pearson_p,2.649818454771789e-15,All
EGFR,mkl,r2_score,-4.9858303065520575,All
EGFR,mkl,spearman,0.4870376064248539,All
EGFR,mkl,spearman_p,2.147013947903423e-25,All
EIF4E,mkl,pearson,0.3958282921998392,All
EIF4E,mkl,pearson_p,1.4402680477040544e-16,All
EIF4E,mkl,r2_score,-6.553711831280793,All
EIF4E,mkl,spearman,0.42906463943439016,All
EIF4E,mkl,spearman_p,1.7640248758038012e-19,All
EIF4EBP1,mkl,pearson,0.4859663814840465,All
EIF4EBP1,mkl,pearson_p,2.8292678016954446e-25,All
EIF4EBP1,mkl,r2_score,-4.206440877177672,All
EIF4EBP1,mkl,spearman,0.47630058789079494,All
EIF4EBP1,mkl,spearman_p,3.2667945839056676e-24,All
EIF4G1,mkl,pearson,0.463683035379081,All
EIF4G1,mkl,pearson_p,7.098641381531823e-23,All
EIF4G1,mkl,r2_score,-3.347141705676883,All
EIF4G1,mkl,spearman,0.5035996106487542,All
EIF4G1,mkl,spearman_p,2.6560824356514466e-27,All
ENY2,mkl,pearson,0.4902870173252401,All
ENY2,mkl,pearson_p,9.241144262242677e-26,All
ENY2,mkl,r2_score,-2.0465004751286866,All
ENY2,mkl,spearman,0.4901945999884081,All
ENY2,mkl,spearman_p,9.466566997499833e-26,All
EPPK1,mkl,pearson,0.3348974432070869,All
EPPK1,mkl,pearson_p,5.1110208925559935e-12,All
EPPK1,mkl,r2_score,-6.49154358693708,All
EPPK1,mkl,spearman,0.3243956058462467,All
EPPK1,mkl,spearman_p,2.5014438250841373e-11,All
ERBB2,mkl,pearson,0.6495271554947236,All
ERBB2,mkl,pearson_p,1.1743860240958598e-49,All
ERBB2,mkl,r2_score,-1.776381813312236,All
ERBB2,mkl,spearman,0.5359628785190625,All
ERBB2,mkl,spearman_p,2.4070423811748663e-31,All
ERBB3,mkl,pearson,0.33094435622740404,All
ERBB3,mkl,pearson_p,9.358801044231514e-12,All
ERBB3,mkl,r2_score,-4.7299027493191055,All
ERBB3,mkl,spearman,0.331753800845143,All
ERBB3,mkl,spearman_p,8.274335703036916e-12,All
ERCC1,mkl,pearson,0.0781440326508733,All
ERCC1,mkl,pearson_p,0.11728925741576793,All
ERCC1,mkl,r2_score,-11.361716773238378,All
ERCC1,mkl,spearman,0.04751852001753733,All
ERCC1,mkl,spearman_p,0.3413495234840702,All
ERCC5,mkl,pearson,0.20922073696347246,All
ERCC5,mkl,pearson_p,2.2959112797920755e-05,All
ERCC5,mkl,r2_score,-7.814368531874491,All
ERCC5,mkl,spearman,0.25992002586264124,All
ERCC5,mkl,spearman_p,1.2039668236444125e-07,All
ERRFI1,mkl,pearson,0.2874581353684209,All
ERRFI1,mkl,pearson_p,4.171160538479953e-09,All
ERRFI1,mkl,r2_score,-8.388661384076238,All
ERRFI1,mkl,spearman,0.2787074587093555,All
ERRFI1,mkl,spearman_p,1.2645807007689336e-08,All
ESR1,mkl,pearson,0.858738700748487,All
ESR1,mkl,pearson_p,1.6741005901857016e-118,All
ESR1,mkl,r2_score,0.4750872500563471,All
ESR1,mkl,spearman,0.8304572708554472,All
ESR1,mkl,spearman_p,6.222553603397528e-104,All
ETS1,mkl,pearson,0.2684677565009462,All
ETS1,mkl,pearson_p,4.411927693733378e-08,All
ETS1,mkl,r2_score,-5.882575405623396,All
ETS1,mkl,spearman,0.2895068539602326,All
ETS1,mkl,spearman_p,3.199372333550521e-09,All
FASN,mkl,pearson,0.654474508833729,All
FASN,mkl,pearson_p,1.228520785347089e-50,All
FASN,mkl,r2_score,-1.465982335523916,All
FASN,mkl,spearman,0.637105262397995,All
FASN,mkl,spearman_p,2.836000172909309e-47,All
FN1,mkl,pearson,0.3892246851251744,All
FN1,mkl,pearson_p,5.002384989126097e-16,All
FN1,mkl,r2_score,-4.30088763530029,All
FN1,mkl,spearman,0.37784540963512414,All
FN1,mkl,spearman_p,4.0072475583853905e-15,All
FOXM1,mkl,pearson,0.7591615587364138,All
FOXM1,mkl,pearson_p,8.685539849496167e-77,All
FOXM1,mkl,r2_score,-0.017167332136955427,All
FOXM1,mkl,spearman,0.761433639736269,All
FOXM1,mkl,spearman_p,1.6769626021689482e-77,All
FOXO3,mkl,pearson,0.35480305314089805,All
FOXO3,mkl,pearson_p,2.1252079223655348e-13,All
FOXO3,mkl,r2_score,-8.109036891445635,All
FOXO3,mkl,spearman,0.35580443607577156,All
FOXO3,mkl,spearman_p,1.8001431876819767e-13,All
G6PD,mkl,pearson,0.47563926002583656,All
G6PD,mkl,pearson_p,3.851122024192961e-24,All
G6PD,mkl,r2_score,-2.9035509277636025,All
G6PD,mkl,spearman,0.4708592082635764,All
G6PD,mkl,spearman_p,1.251820658991504e-23,All
GAB2,mkl,pearson,0.4785626721893432,All
GAB2,mkl,pearson_p,1.855645001086175e-24,All
GAB2,mkl,r2_score,-6.8160993349531855,All
GAB2,mkl,spearman,0.47382118847472676,All
GAB2,mkl,spearman_p,6.0430438514607115e-24,All
GAPDH,mkl,pearson,0.47934612753668593,All
GAPDH,mkl,pearson_p,1.5240427267215418e-24,All
GAPDH,mkl,r2_score,-4.03133038566496,All
GAPDH,mkl,spearman,0.4933738696672669,All
GAPDH,mkl,spearman_p,4.114226164023472e-26,All
GATA3,mkl,pearson,0.8114679735870912,All
GATA3,mkl,pearson_p,1.3808154139598213e-95,All
GATA3,mkl,r2_score,0.25030438209490136,All
GATA3,mkl,spearman,0.7856870524493857,All
GATA3,mkl,spearman_p,1.1650931907862441e-85,All
GATA6,mkl,pearson,0.14405607671141676,All
GATA6,mkl,pearson_p,0.003754869137572173,All
GATA6,mkl,r2_score,-8.658390479068904,All
GATA6,mkl,spearman,0.10402018554138535,All
GATA6,mkl,spearman_p,0.03685470981855481,All
GSK3A,mkl,pearson,0.19228345840626537,All
GSK3A,mkl,pearson_p,0.00010259123179277004,All
GSK3A,mkl,r2_score,-8.76702010522253,All
GSK3A,mkl,spearman,0.2468708869149287,All
GSK3A,mkl,spearman_p,5.210689953663475e-07,All
GSK3B,mkl,pearson,0.19279530385629567,All
GSK3B,mkl,pearson_p,9.823182557665595e-05,All
GSK3B,mkl,r2_score,-8.709330090314403,All
GSK3B,mkl,spearman,0.24738287755700483,All
GSK3B,mkl,spearman_p,4.927078638614519e-07,All
HSPA1A,mkl,pearson,0.1738194050714215,All
HSPA1A,mkl,pearson_p,0.0004561261631673862,All
HSPA1A,mkl,r2_score,-9.299405223069108,All
HSPA1A,mkl,spearman,0.18965334291616207,All
HSPA1A,mkl,spearman_p,0.0001280100196326782,All
IGFBP2,mkl,pearson,0.5032094455377776,All
IGFBP2,mkl,pearson_p,2.953844487560147e-27,All
IGFBP2,mkl,r2_score,-2.877618059046688,All
IGFBP2,mkl,spearman,0.4919758408232536,All
IGFBP2,mkl,spearman_p,5.941496212786362e-26,All
INPP4B,mkl,pearson,0.6791928422821433,All
INPP4B,mkl,pearson_p,7.969876420140204e-56,All
INPP4B,mkl,r2_score,-0.4594900228696275,All
INPP4B,mkl,spearman,0.6886105744071538,All
INPP4B,mkl,spearman_p,6.1379899728656996e-58,All
IRF1,mkl,pearson,0.29300887377114493,All
IRF1,mkl,pearson_p,2.02308541936852e-09,All
IRF1,mkl,r2_score,-7.261859700932719,All
IRF1,mkl,spearman,0.3153396659135041,All
IRF1,mkl,spearman_p,9.374012560042518e-11,All
IRS1,mkl,pearson,0.4440237560957181,All
IRS1,mkl,pearson_p,6.711778916396236e-21,All
IRS1,mkl,r2_score,-3.7200267770451445,All
IRS1,mkl,spearman,0.4687663262899273,All
IRS1,mkl,spearman_p,2.085328064693695e-23,All
ITGA2,mkl,pearson,0.32356640766019334,All
ITGA2,mkl,pearson_p,2.8283045478033135e-11,All
ITGA2,mkl,r2_score,-8.912610480624311,All
ITGA2,mkl,spearman,0.3136845198002212,All
ITGA2,mkl,spearman_p,1.1877276024447296e-10,All
JAK2,mkl,pearson,0.3292917502763757,All
JAK2,mkl,pearson_p,1.2020817802917058e-11,All
JAK2,mkl,r2_score,-4.776217385591147,All
JAK2,mkl,spearman,0.3759062451256047,All
JAK2,mkl,spearman_p,5.666996312083832e-15,All
KAT2A,mkl,pearson,0.5217136144582489,All
KAT2A,mkl,pearson_p,1.6406987692782742e-29,All
KAT2A,mkl,r2_score,-2.271426723281977,All
KAT2A,mkl,spearman,0.553133014035114,All
KAT2A,mkl,spearman_p,1.1296244803979143e-33,All
KDR,mkl,pearson,0.5328147747245645,All
KDR,mkl,pearson_p,6.224270767648804e-31,All
KDR,mkl,r2_score,-2.502155951447594,All
KDR,mkl,spearman,0.5313181770949805,All
KDR,mkl,spearman_p,9.743741800092014e-31,All
KIT,mkl,pearson,0.5027442190240843,All
KIT,mkl,pearson_p,3.352230831426446e-27,All
KIT,mkl,r2_score,-2.350098428451041,All
KIT,mkl,spearman,0.5343358266407947,All
KIT,mkl,spearman_p,3.9379797629521836e-31,All
LCK,mkl,pearson,0.5813653549703701,All
LCK,mkl,pearson_p,8.269381875396293e-38,All
LCK,mkl,r2_score,-1.2756412597032094,All
LCK,mkl,spearman,0.5515434799707695,All
LCK,mkl,spearman_p,1.8801264317601956e-33,All
MAP2K1,mkl,pearson,0.3486571525235901,All
MAP2K1,mkl,pearson_p,5.812037190388843e-13,All
MAP2K1,mkl,r2_score,-4.993458229980422,All
MAP2K1,mkl,spearman,0.3702400223240826,All
MAP2K1,mkl,spearman_p,1.5395788260408157e-14,All
MAPK1,mkl,pearson,0.11625877433874851,All
MAPK1,mkl,pearson_p,0.01956690701664246,All
MAPK1,mkl,r2_score,-13.319945581285332,All
MAPK1,mkl,spearman,0.1401640020534728,All
MAPK1,mkl,spearman_p,0.004817937122486748,All
MAPK14,mkl,pearson,0.35745829742149554,All
MAPK14,mkl,pearson_p,1.3667194013909752e-13,All
MAPK14,mkl,r2_score,-4.9538761277644765,All
MAPK14,mkl,spearman,0.3847673740281846,All
MAPK14,mkl,spearman_p,1.1411631274932545e-15,All
MAPK9,mkl,pearson,0.5435369150582903,All
MAPK9,mkl,pearson_p,2.3487262727520443e-32,All
MAPK9,mkl,r2_score,-1.632164215387998,All
MAPK9,mkl,spearman,0.5465235629140066,All
MAPK9,mkl,spearman_p,9.230019363898153e-33,All
MET,mkl,pearson,0.15364840117702883,All
MET,mkl,pearson_p,0.0019795942811732174,All
MET,mkl,r2_score,-8.616499797436628,All
MET,mkl,spearman,0.19383497008454587,All
MET,mkl,spearman_p,8.990778476941119e-05,All
MRE11A,mkl,pearson,0.035176942936053196,All
MRE11A,mkl,pearson_p,0.4813102996718346,All
MRE11A,mkl,r2_score,-12.636082004273739,All
MRE11A,mkl,spearman,0.05042663675333314,All
MRE11A,mkl,spearman_p,0.3125883312788437,All
MS4A1,mkl,pearson,0.28968889638206513,All
MS4A1,mkl,pearson_p,3.124528474012821e-09,All
MS4A1,mkl,r2_score,-6.556347342946367,All
MS4A1,mkl,spearman,0.2976966745450025,All
MS4A1,mkl,spearman_p,1.0846791124996794e-09,All
MSH2,mkl,pearson,0.6083139168958683,All
MSH2,mkl,pearson_p,3.763573059415948e-42,All
MSH2,mkl,r2_score,-1.4844807366557737,All
MSH2,mkl,spearman,0.5641325057328515,All
MSH2,mkl,spearman_p,3.0821646956379805e-35,All
MSH6,mkl,pearson,0.6834184705502965,All
MSH6,mkl,pearson_p,9.184600903846738e-57,All
MSH6,mkl,r2_score,-0.7362765623504379,All
MSH6,mkl,spearman,0.6406320229702102,All
MSH6,mkl,spearman_p,6.128312411436712e-48,All
MTOR,mkl,pearson,0.40722369946699344,All
MTOR,mkl,pearson_p,1.5718947354794507e-17,All
MTOR,mkl,r2_score,-4.152907304651893,All
MTOR,mkl,spearman,0.41009011172809606,All
MTOR,mkl,spearman_p,8.883129753405435e-18,All
MYC,mkl,pearson,0.18084082369550258,All
MYC,mkl,pearson_p,0.00026304901417667487,All
MYC,mkl,r2_score,-10.118885190581484,All
MYC,mkl,spearman,0.1908316831147658,All
MYC,mkl,spearman_p,0.00011596665835935727,All
MYH11,mkl,pearson,0.3917620065541617,All
MYH11,mkl,pearson_p,3.1106005391013636e-16,All
MYH11,mkl,r2_score,-3.093407789092705,All
MYH11,mkl,spearman,0.4350543338012008,All
MYH11,mkl,spearman_p,4.8584345468157884e-20,All
MYH9,mkl,pearson,0.2946054501688815,All
MYH9,mkl,pearson_p,1.6381908415290888e-09,All
MYH9,mkl,r2_score,-4.938263844090912,All
MYH9,mkl,spearman,0.3208376442305719,All
MYH9,mkl,spearman_p,4.225702929825479e-11,All
NF2,mkl,pearson,0.367484057629683,All
NF2,mkl,pearson_p,2.485743726460188e-14,All
NF2,mkl,r2_score,-5.942564562655254,All
NF2,mkl,spearman,0.4092713850630321,All
NF2,mkl,spearman_p,1.0461756389680928e-17,All
NOTCH1,mkl,pearson,0.380619500952144,All
NOTCH1,mkl,pearson_p,2.430991924555358e-15,All
NOTCH1,mkl,r2_score,-4.366339155723427,All
NOTCH1,mkl,spearman,0.35129219907173354,All
NOTCH1,mkl,spearman_p,3.785824576492617e-13,All
NRAS,mkl,pearson,0.22943012832812495,All
NRAS,mkl,pearson_p,3.2604307209645607e-06,All
NRAS,mkl,r2_score,-9.7350071436605,All
NRAS,mkl,spearman,0.260662536727057,All
NRAS,mkl,spearman_p,1.1049677173380275e-07,All
NRG1,mkl,pearson,0.18674884448764004,All
NRG1,mkl,pearson_p,0.00016289851696195463,All
NRG1,mkl,r2_score,-10.982338288023294,All
NRG1,mkl,spearman,0.24107265960179097,All
NRG1,mkl,spearman_p,9.737308166609263e-07,All
PARK7,mkl,pearson,0.6186958259194991,All
PARK7,mkl,pearson_p,6.158555968256963e-44,All
PARK7,mkl,r2_score,-1.1143998115989953,All
PARK7,mkl,spearman,0.6598636546585398,All
PARK7,mkl,spearman_p,1.0004850912606507e-51,All
PARP1,mkl,pearson,0.2208832151435514,All
PARP1,mkl,pearson_p,7.611545901205249e-06,All
PARP1,mkl,r2_score,-6.966279662173561,All
PARP1,mkl,spearman,0.2417788821661488,All
PARP1,mkl,spearman_p,9.030857209228159e-07,All
PCNA,mkl,pearson,0.4187071535792459,All
PCNA,mkl,pearson_p,1.5450695292908694e-18,All
PCNA,mkl,r2_score,-4.942674743009333,All
PCNA,mkl,spearman,0.4034725154785487,All
PCNA,mkl,spearman_p,3.2900150990092456e-17,All
PDCD4,mkl,pearson,0.4084127646716068,All
PDCD4,mkl,pearson_p,1.2413525235408873e-17,All
PDCD4,mkl,r2_score,-4.375340155626977,All
PDCD4,mkl,spearman,0.4021095480245842,All
PDCD4,mkl,spearman_p,4.2928785299213516e-17,All
PDK1,mkl,pearson,0.5509818493683669,All
PDK1,mkl,pearson_p,2.249466179469789e-33,All
PDK1,mkl,r2_score,-1.9885939540295499,All
PDK1,mkl,spearman,0.5690416172303926,All
PDK1,mkl,spearman_p,5.9118717240941754e-36,All
PEA15,mkl,pearson,0.46352803044853275,All
PEA15,mkl,pearson_p,7.366449070673906e-23,All
PEA15,mkl,r2_score,-3.324003612676539,All
PEA15,mkl,spearman,0.4825919064413024,All
PEA15,mkl,spearman_p,6.705526669746467e-25,All
PECAM1,mkl,pearson,0.06784157704454806,All
PECAM1,mkl,pearson_p,0.174068576062646,All
PECAM1,mkl,r2_score,-11.09217870238295,All
PECAM1,mkl,spearman,0.09800223204705329,All
PECAM1,mkl,spearman_p,0.04929804227239447,All
PGR,mkl,pearson,0.7018468800651926,All
PGR,mkl,pearson_p,4.757729680808157e-61,All
PGR,mkl,r2_score,-0.47716090313653403,All
PGR,mkl,spearman,0.7264629010951061,All
PGR,mkl,spearman_p,2.5686726632881135e-67,All
PIK3CA,mkl,pearson,0.24507526086341458,All
PIK3CA,mkl,pearson_p,6.334571402969752e-07,All
PIK3CA,mkl,r2_score,-10.515421781431403,All
PIK3CA,mkl,spearman,0.3352626718377322,All
PIK3CA,mkl,spearman_p,4.831087412191948e-12,All
PIK3R1,mkl,pearson,0.5049236304984922,All
PIK3R1,mkl,pearson_p,1.8501294304817083e-27,All
PIK3R1,mkl,r2_score,-2.6762827308768506,All
PIK3R1,mkl,spearman,0.5034835988366054,All
PIK3R1,mkl,spearman_p,2.7413774816196555e-27,All
PIK3R2,mkl,pearson,0.504635281756487,All
PIK3R2,mkl,pearson_p,2.0019859985570125e-27,All
PIK3R2,mkl,r2_score,-2.675907972628934,All
PIK3R2,mkl,spearman,0.5024700682583898,All
PIK3R2,mkl,spearman_p,3.611382322155126e-27,All
PRDX1,mkl,pearson,0.3713149492081961,All
PRDX1,mkl,pearson_p,1.275593195185335e-14,All
PRDX1,mkl,r2_score,-6.078351922934313,All
PRDX1,mkl,spearman,0.37969511941346396,All
PRDX1,mkl,spearman_p,2.87304946292679e-15,All
PREX1,mkl,pearson,0.6574431221797452,All
PREX1,mkl,pearson_p,3.1058852060702956e-51,All
PREX1,mkl,r2_score,-1.0579844508198106,All
PREX1,mkl,spearman,0.6949722154562893,All
PREX1,mkl,spearman_p,2.0612534316408995e-59,All
PRKAA1,mkl,pearson,0.4965873400589631,All
PRKAA1,mkl,pearson_p,1.7563944425953883e-26,All
PRKAA1,mkl,r2_score,-2.732056041867959,All
PRKAA1,mkl,spearman,0.5147952245798936,All
PRKAA1,mkl,spearman_p,1.1870297835599253e-28,All
PRKCA,mkl,pearson,0.30855584836354094,All
PRKCA,mkl,pearson_p,2.450255151990626e-10,All
PRKCA,mkl,r2_score,-5.465249870839762,All
PRKCA,mkl,spearman,0.3335997794360396,All
PRKCA,mkl,spearman_p,6.23969057864073e-12,All
PTEN,mkl,pearson,0.2693652284338212,All
PTEN,mkl,pearson_p,3.962400633271505e-08,All
PTEN,mkl,r2_score,-7.49163993433176,All
PTEN,mkl,spearman,0.29104320605743406,All
PTEN,mkl,spearman_p,2.6186312004901434e-09,All
PXN,mkl,pearson,0.3458672620962991,All
PXN,mkl,pearson_p,9.110558277577272e-13,All
PXN,mkl,r2_score,-6.58339454075081,All
PXN,mkl,spearman,0.3405787575485449,All
PXN,mkl,spearman_p,2.1100950376267154e-12,All
RAB11A,mkl,pearson,0.37262342638335805,All
RAB11A,mkl,pearson_p,1.013589933256119e-14,All
RAB11A,mkl,r2_score,-3.966039435989206,All
RAB11A,mkl,spearman,0.41985629150156606,All
RAB11A,mkl,spearman_p,1.218943750675559e-18,All
RAB11B,mkl,pearson,0.3731038215269151,All
RAB11B,mkl,pearson_p,9.313002252451142e-15,All
RAB11B,mkl,r2_score,-3.9899658295566836,All
RAB11B,mkl,spearman,0.42085634636753333,All
RAB11B,mkl,spearman_p,9.90958326859764e-19,All
RAB25,mkl,pearson,0.4191598896340578,All
RAB25,mkl,pearson_p,1.4074384104284062e-18,All
RAB25,mkl,r2_score,-4.416400039453855,All
RAB25,mkl,spearman,0.41141554974852346,All
RAB25,mkl,spearman_p,6.809996539688988e-18,All
RAD50,mkl,pearson,0.4319444663669793,All
RAD50,mkl,pearson_p,9.520145066966083e-20,All
RAD50,mkl,r2_score,-3.6973032459529636,All
RAD50,mkl,spearman,0.45443664347251617,All
RAD50,mkl,spearman_p,6.256724039884473e-22,All
RAD51,mkl,pearson,0.29417530381687634,All
RAD51,mkl,pearson_p,1.734252615272952e-09,All
RAD51,mkl,r2_score,-6.250585396331139,All
RAD51,mkl,spearman,0.34468669196460333,All
RAD51,mkl,spearman_p,1.1004495019122442e-12,All
RAF1,mkl,pearson,0.2001899681704269,All
RAF1,mkl,pearson_p,5.1801671822026275e-05,All
RAF1,mkl,r2_score,-12.213860005756827,All
RAF1,mkl,spearman,0.2127020071317539,All
RAF1,mkl,spearman_p,1.6617844599699204e-05,All
RB1,mkl,pearson,0.2879188552157612,All
RB1,mkl,pearson_p,3.930363535990811e-09,All
RB1,mkl,r2_score,-6.491995373075916,All
RB1,mkl,spearman,0.33244079506600843,All
RB1,mkl,spearman_p,7.450986255391938e-12,All
RBM15,mkl,pearson,0.5072818530112778,All
RBM15,mkl,pearson_p,9.678172796164204e-28,All
RBM15,mkl,r2_score,-2.1306524241494764,All
RBM15,mkl,spearman,0.56202766628753,All
RBM15,mkl,spearman_p,6.204165088965472e-35,All
RICTOR,mkl,pearson,0.1271231627685514,All
RICTOR,mkl,pearson_p,0.010636362288932479,All
RICTOR,mkl,r2_score,-8.906998953396883,All
RICTOR,mkl,spearman,0.21380252516351703,All
RICTOR,mkl,spearman_p,1.4986927777188427e-05,All
RPS6,mkl,pearson,0.48287322129309157,All
RPS6,mkl,pearson_p,6.242370784285009e-25,All
RPS6,mkl,r2_score,-1.929320399607851,All
RPS6,mkl,spearman,0.5234319140680823,All
RPS6,mkl,spearman_p,9.965555649129816e-30,All
RPS6KA1,mkl,pearson,0.4475447556521501,All
RPS6KA1,mkl,pearson_p,3.036294328783555e-21,All
RPS6KA1,mkl,r2_score,-4.924484536367533,All
RPS6KA1,mkl,spearman,0.4016530380257686,All
RPS6KA1,mkl,spearman_p,4.6917226035154694e-17,All
RPS6KB1,mkl,pearson,0.5783966276842204,All
RPS6KB1,mkl,pearson_p,2.3515684164513625e-37,All
RPS6KB1,mkl,r2_score,-2.4063713197562566,All
RPS6KB1,mkl,spearman,0.5260748308471432,All
RPS6KB1,mkl,spearman_p,4.602998776971818e-30,All
RPTOR,mkl,pearson,0.4207147138999167,All
RPTOR,mkl,pearson_p,1.0204922304976087e-18,All
RPTOR,mkl,r2_score,-4.123784075186157,All
RPTOR,mkl,spearman,0.40984815055658735,All
RPTOR,mkl,spearman_p,9.323535366408842e-18,All
SCD,mkl,pearson,0.28135509020383326,All
SCD,mkl,pearson_p,9.077412228984428e-09,All
SCD,mkl,r2_score,-4.887598331282088,All
SCD,mkl,spearman,0.3245851225504945,All
SCD,mkl,spearman_p,2.4320801073335707e-11,All
SERPINE1,mkl,pearson,0.3042897330922873,All
SERPINE1,mkl,pearson_p,4.4281350198094777e-10,All
SERPINE1,mkl,r2_score,-7.543951594336621,All
SERPINE1,mkl,spearman,0.34088922090612306,All
SERPINE1,mkl,spearman_p,2.009459472200244e-12,All
SETD2,mkl,pearson,0.0728052471605359,All
SETD2,mkl,pearson_p,0.14457831271455823,All
SETD2,mkl,r2_score,-11.738315076500129,All
SETD2,mkl,spearman,0.11397474265346039,All
SETD2,mkl,spearman_p,0.02211531142899173,All
SLC1A5,mkl,pearson,0.47493074699449206,All
SLC1A5,mkl,pearson_p,4.5917636398637455e-24,All
SLC1A5,mkl,r2_score,-2.103517890009556,All
SLC1A5,mkl,spearman,0.5040010898020566,All
SLC1A5,mkl,spearman_p,2.3806486489619562e-27,All
SMAD1,mkl,pearson,0.36584719454724973,All
SMAD1,mkl,pearson_p,3.2967557508647896e-14,All
SMAD1,mkl,r2_score,-6.687090642206876,All
SMAD1,mkl,spearman,0.3905809664230008,All
SMAD1,mkl,spearman_p,3.8824616657954235e-16,All
SMAD3,mkl,pearson,0.3985331204178533,All
SMAD3,mkl,pearson_p,8.579020114177555e-17,All
SMAD3,mkl,r2_score,-4.744174388335334,All
SMAD3,mkl,spearman,0.44168775209350264,All
SMAD3,mkl,spearman_p,1.1302911861964161e-20,All
SMAD4,mkl,pearson,0.2263400851884826,All
SMAD4,mkl,pearson_p,4.4468158240046165e-06,All
SMAD4,mkl,r2_score,-8.773188811725344,All
SMAD4,mkl,spearman,0.24237767559253015,All
SMAD4,mkl,spearman_p,8.470633882984672e-07,All
SNAI1,mkl,pearson,0.29629150512847613,All
SNAI1,mkl,pearson_p,1.3090678177245038e-09,All
SNAI1,mkl,r2_score,-5.258430207374634,All
SNAI1,mkl,spearman,0.33210015545815613,All
SNAI1,mkl,spearman_p,7.848710659684265e-12,All
SQSTM1,mkl,pearson,0.5703614924243496,All
SQSTM1,mkl,pearson_p,3.7744920076111627e-36,All
SQSTM1,mkl,r2_score,-2.2647686709255463,All
SQSTM1,mkl,spearman,0.5811831484407046,All
SQSTM1,mkl,spearman_p,8.819914798975537e-38,All
SRC,mkl,pearson,0.4464634601673699,All
SRC,mkl,pearson_p,3.8776093457593284e-21,All
SRC,mkl,r2_score,-4.666518232846499,All
SRC,mkl,spearman,0.4676504463897743,All
SRC,mkl,spearman_p,2.733518246726449e-23,All
SRSF1,mkl,pearson,0.32434103377950163,All
SRSF1,mkl,pearson_p,2.5217726067929122e-11,All
SRSF1,mkl,r2_score,-5.690599913773202,All
SRSF1,mkl,spearman,0.34596066906204387,All
SRSF1,mkl,spearman_p,8.97512242184346e-13,All
STAT5A,mkl,pearson,0.3612695401265335,All
STAT5A,mkl,pearson_p,7.200154408368608e-14,All
STAT5A,mkl,r2_score,-5.966112389164766,All
STAT5A,mkl,spearman,0.38584274828509857,All
STAT5A,mkl,spearman_p,9.363400572609609e-16,All
STK11,mkl,pearson,0.17082511509012224,All
STK11,mkl,pearson_p,0.0005732059653574466,All
STK11,mkl,r2_score,-8.705143898962076,All
STK11,mkl,spearman,0.19681716783714026,All
STK11,mkl,spearman_p,6.95620572650215e-05,All
STMN1,mkl,pearson,0.1791632892377572,All
STMN1,mkl,pearson_p,0.00030058335255398036,All
STMN1,mkl,r2_score,-8.716515296140813,All
STMN1,mkl,spearman,0.22716251197930196,All
STMN1,mkl,spearman_p,4.096022235073343e-06,All
SYK,mkl,pearson,0.5611571210146287,All
SYK,mkl,pearson_p,8.273905002842503e-35,All
SYK,mkl,r2_score,-1.6065498664560232,All
SYK,mkl,spearman,0.5654962907497741,All
SYK,mkl,spearman_p,1.953589980900702e-35,All
TFRC,mkl,pearson,0.044197692661395525,All
TFRC,mkl,pearson_p,0.3761895316876074,All
TFRC,mkl,r2_score,-14.307436338211133,All
TFRC,mkl,spearman,0.05061659601086907,All
TFRC,mkl,spearman_p,0.31076665197976067,All
TGM2,mkl,pearson,0.3636566203361009,All
TGM2,mkl,pearson_p,4.7985438329440734e-14,All
TGM2,mkl,r2_score,-5.227028161418911,All
TGM2,mkl,spearman,0.4062983744090174,All
TGM2,mkl,spearman_p,1.887675695016455e-17,All
TIGAR,mkl,pearson,0.2500463704396603,All
TIGAR,mkl,pearson_p,3.6752089377930764e-07,All
TIGAR,mkl,r2_score,-8.047193533389418,All
TIGAR,mkl,spearman,0.2735841939013234,All
TIGAR,mkl,spearman_p,2.3783232201058152e-08,All
TP53,mkl,pearson,0.3826957134334507,All
TP53,mkl,pearson_p,1.6671281646520538e-15,All
TP53,mkl,r2_score,-3.0303722630733887,All
TP53,mkl,spearman,0.39715947382392497,All
TP53,mkl,spearman_p,1.1167714993394216e-16,All
TP53BP1,mkl,pearson,0.4469831267861702,All
TP53BP1,mkl,pearson_p,3.447961037740276e-21,All
TP53BP1,mkl,r2_score,-3.361170680083582,All
TP53BP1,mkl,spearman,0.4861896139237666,All
TP53BP1,mkl,spearman_p,2.6713795236533616e-25,All
TSC1,mkl,pearson,0.38525333560057695,All
TSC1,mkl,pearson_p,1.0436677413503645e-15,All
TSC1,mkl,r2_score,-4.305823241909443,All
TSC1,mkl,spearman,0.392838675767491,All
TSC1,mkl,spearman_p,2.539514663212376e-16,All
TSC2,mkl,pearson,0.32364702881432994,All
TSC2,mkl,pearson_p,2.7947799638500693e-11,All
TSC2,mkl,r2_score,-5.498977401445878,All
TSC2,mkl,spearman,0.3457690686500243,All
TSC2,mkl,spearman_p,9.255088617309192e-13,All
TUBA1B,mkl,pearson,0.43651296617360275,All
TUBA1B,mkl,pearson_p,3.535316949620212e-20,All
TUBA1B,mkl,r2_score,-4.593016393486573,All
TUBA1B,mkl,spearman,0.46209816414006905,All
TUBA1B,mkl,spearman_p,1.0356943388172697e-22,All
WWTR1,mkl,pearson,0.3026848060023437,All
WWTR1,mkl,pearson_p,5.518705062969264e-10,All
WWTR1,mkl,r2_score,-5.760079701644062,All
WWTR1,mkl,spearman,0.4004532102453511,All
WWTR1,mkl,spearman_p,5.921849773055271e-17,All
XBP1,mkl,pearson,0.07410872355768514,All
XBP1,mkl,pearson_p,0.13750569305978871,All
XBP1,mkl,r2_score,-15.698748231243922,All
XBP1,mkl,spearman,0.06398985515842572,All
XBP1,mkl,spearman_p,0.19987375277117245,All
XRCC1,mkl,pearson,0.4117388019487296,All
XRCC1,mkl,pearson_p,6.381461767667299e-18,All
XRCC1,mkl,r2_score,-4.423491248406089,All
XRCC1,mkl,spearman,0.41494196257893357,All
XRCC1,mkl,spearman_p,3.3385499126572172e-18,All
XRCC5,mkl,pearson,0.34786714592381796,All
XRCC5,mkl,pearson_p,6.603957919429341e-13,All
XRCC5,mkl,r2_score,-5.818252874876436,All
XRCC5,mkl,spearman,0.3717402079846167,All
XRCC5,mkl,spearman_p,1.1838871246071412e-14,All
YAP1,mkl,pearson,0.4102234606220375,All
YAP1,mkl,pearson_p,8.649225058650024e-18,All
YAP1,mkl,r2_score,-3.7385379534448315,All
YAP1,mkl,spearman,0.4174230636693583,All
YAP1,mkl,spearman_p,2.0115819765878375e-18,All
YBX1,mkl,pearson,0.2362186741034947,All
YBX1,mkl,pearson_p,1.623844915534091e-06,All
YBX1,mkl,r2_score,-11.296557130386933,All
YBX1,mkl,spearman,0.2297727724214086,All
YBX1,mkl,spearman_p,3.1493014776782034e-06,All
YWHAB,mkl,pearson,0.17709002635824017,All
YWHAB,mkl,pearson_p,0.00035387481920748853,All
YWHAB,mkl,r2_score,-9.997410253415207,All
YWHAB,mkl,spearman,0.24547526551206975,All
YWHAB,mkl,spearman_p,6.065666503135322e-07,All
YWHAZ,mkl,pearson,0.4720518785395395,All
YWHAZ,mkl,pearson_p,9.344512215633277e-24,All
YWHAZ,mkl,r2_score,-3.2598499304147754,All
YWHAZ,mkl,spearman,0.477504565861046,All
YWHAZ,mkl,spearman_p,2.4188897347248308e-24,All
